firstName,lastName,userName,email,dateOfBirth,mobileNumber,password
Justin,Diaz,JustinDiaz,Justin.Diaz@gmail.com,2005-06-29,(326)149-8817,v^5BXk2C
Nicholas,Ramirez,NicholasRamirez,Nicholas.Ramirez@gmail.com,1997-07-09,(460)046-2526,S%4*Fhu!
Karen,Vazquez,KarenVazquez,Karen.Vazquez@gmail.com,1996-10-21,810-242-6064x1832,@r+4Skek
Rachael,Byrd,RachaelByrd,Rachael.Byrd@gmail.com,2003-03-14,(847)565-2882,+1#VVrwL
Heidi,Fox,HeidiFox,Heidi.Fox@gmail.com,1998-08-16,+1-702-130-2404,zq@4$Dav
Kayla,Quinn,KaylaQuinn,Kayla.Quinn@gmail.com,1996-11-11,070-009-9401,s+92GEiy
Richard,Porter,RichardPorter,Richard.Porter@gmail.com,2006-02-07,001-359-693-4327,^Dv4Ctho
Heather,Long,HeatherLong,Heather.Long@gmail.com,2002-09-16,(233)735-8868,4@fV7FXm
Nancy,Floyd,NancyFloyd,Nancy.Floyd@gmail.com,1999-09-09,+1-825-201-5873x666,(gm6LGdl
Diane,Brown,DianeBrown,Diane.Brown@gmail.com,1993-11-01,279-567-5712x42509,m&5Y9KQg
Taylor,Deleon,TaylorDeleon,Taylor.Deleon@gmail.com,2007-07-01,934-852-5237,b)5RyXTm
Jose,Herring,JoseHerring,Jose.Herring@gmail.com,1992-10-19,315-828-4424x600,o(3^REYv
Jennifer,Kelly,JenniferKelly,Jennifer.Kelly@gmail.com,2006-06-18,303.204.3824x681,Nk&8Ylc^
Robert,Diaz,RobertDiaz,Robert.Diaz@gmail.com,1994-10-12,983-624-9239,1b_6%%Uo
Adrian,Solis,AdrianSolis,Adrian.Solis@gmail.com,1997-02-10,6806634583,V(B5tFJz
Melvin,Weaver,MelvinWeaver,Melvin.Weaver@gmail.com,1994-11-20,(974)049-8695x729,Y^49LqH$
Jonathan,Chaney,JonathanChaney,Jonathan.Chaney@gmail.com,1998-05-19,366-484-2863,N+l4Myw6
user,histo,UserHisto,userhisto@gmail.com,1994-01-29,382.586.8933,12345
Brandon,Joseph,BrandonJoseph,Brandon.Joseph@gmail.com,1992-11-18,001-130-914-5621x4550,2l+Qr7Ap
Jennifer,Beck,JenniferBeck,Jennifer.Beck@gmail.com,1995-10-16,(593)878-6734x240,E8%4RlSC
Richard,Morris,RichardMorris,Richard.Morris@gmail.com,2004-05-22,(835)492-0209,u@29MSlt
Laura,Scott,LauraScott,Laura.Scott@gmail.com,1993-06-20,+1-694-619-7229,)93N$Rd!
Christopher,Reid,ChristopherReid,Christopher.Reid@gmail.com,1992-06-03,(271)403-7229,x&09ZtZk
Connor,Lewis,ConnorLewis,Connor.Lewis@gmail.com,1985-08-09,001-922-044-6457x5391,PG+4HpOi
Walter,Kennedy,WalterKennedy,Walter.Kennedy@gmail.com,2003-12-16,851.798.6346,!*rvK3Lz
Bryan,Barber,BryanBarber,Bryan.Barber@gmail.com,1999-08-06,+1-316-876-6629x5443,(p8ImjVe
Todd,Walton,ToddWalton,Todd.Walton@gmail.com,1996-11-08,139.887.2210,*2On*3dx
Lori,Bruce,LoriBruce,Lori.Bruce@gmail.com,2001-04-14,844-786-4769x95480,)3Y__or9
Patty,Goodman,PattyGoodman,Patty.Goodman@gmail.com,2000-08-27,+1-725-672-4291,Q#pC0Dru
