_id,dateOfBirth,email,firstName,lastName,mobileNumber,password,userName
652b9e279c8deef2485bf8f1,2005-06-29,Justin.Diaz@gmail.com,Justin,Diaz,(326)149-8817,v^5BXk2C,JustinDiaz
652b9e279c8deef2485bf8f2,1997-07-09,Nicholas.Ramirez@gmail.com,Nicholas,Ramirez,(460)046-2526,S%4*Fhu!,NicholasRamirez
652b9e279c8deef2485bf8f3,1996-10-21,Karen.Vazquez@gmail.com,Karen,Vazquez,810-242-6064x1832,@r+4Skek,KarenVazquez
652b9e279c8deef2485bf8f4,2003-03-14,Rachael.Byrd@gmail.com,Rachael,Byrd,(847)565-2882,+1#VVrwL,RachaelByrd
652b9e279c8deef2485bf8f5,1998-08-16,Heidi.Fox@gmail.com,Heidi,Fox,+1-702-130-2404,zq@4$Dav,HeidiFox
652b9e279c8deef2485bf8f6,1996-11-11,Kayla.Quinn@gmail.com,Kayla,Quinn,070-009-9401,s+92GEiy,KaylaQuinn
652b9e279c8deef2485bf8f7,2006-02-07,Richard.Porter@gmail.com,Richard,Porter,001-359-693-4327,^Dv4Ctho,RichardPorter
652b9e279c8deef2485bf8f8,2002-09-16,Heather.Long@gmail.com,Heather,Long,(233)735-8868,4@fV7FXm,HeatherLong
652b9e279c8deef2485bf8f9,1999-09-09,Nancy.Floyd@gmail.com,Nancy,Floyd,+1-825-201-5873x666,(gm6LGdl,NancyFloyd
652b9e279c8deef2485bf8fa,1993-11-01,Diane.Brown@gmail.com,Diane,Brown,279-567-5712x42509,m&5Y9KQg,DianeBrown
652b9e279c8deef2485bf8fb,2007-07-01,Taylor.Deleon@gmail.com,Taylor,Deleon,934-852-5237,b)5RyXTm,TaylorDeleon
652b9e279c8deef2485bf8fc,1992-10-19,Jose.Herring@gmail.com,Jose,Herring,315-828-4424x600,o(3^REYv,JoseHerring
652b9e279c8deef2485bf8fd,2006-06-18,Jennifer.Kelly@gmail.com,Jennifer,Kelly,303.204.3824x681,Nk&8Ylc^,JenniferKelly
652b9e279c8deef2485bf8fe,1994-10-12,Robert.Diaz@gmail.com,Robert,Diaz,983-624-9239,1b_6%%Uo,RobertDiaz
652b9e279c8deef2485bf8ff,1997-02-10,Adrian.Solis@gmail.com,Adrian,Solis,6806634583,V(B5tFJz,AdrianSolis
652b9e279c8deef2485bf900,1994-11-20,Melvin.Weaver@gmail.com,Melvin,Weaver,(974)049-8695x729,Y^49LqH$,MelvinWeaver
652b9e279c8deef2485bf901,1998-05-19,Jonathan.Chaney@gmail.com,Jonathan,Chaney,366-484-2863,N+l4Myw6,JonathanChaney
652b9e279c8deef2485bf902,1994-01-29,userhisto@gmail.com,user,histo,382.586.8933,12345,UserHisto
652b9e279c8deef2485bf903,1992-11-18,Brandon.Joseph@gmail.com,Brandon,Joseph,001-130-914-5621x4550,2l+Qr7Ap,BrandonJoseph
652b9e279c8deef2485bf904,1995-10-16,Jennifer.Beck@gmail.com,Jennifer,Beck,(593)878-6734x240,E8%4RlSC,JenniferBeck
652b9e279c8deef2485bf905,2004-05-22,Richard.Morris@gmail.com,Richard,Morris,(835)492-0209,u@29MSlt,RichardMorris
652b9e279c8deef2485bf906,1993-06-20,Laura.Scott@gmail.com,Laura,Scott,+1-694-619-7229,)93N$Rd!,LauraScott
652b9e279c8deef2485bf907,1992-06-03,Christopher.Reid@gmail.com,Christopher,Reid,(271)403-7229,x&09ZtZk,ChristopherReid
652b9e279c8deef2485bf908,1985-08-09,Connor.Lewis@gmail.com,Connor,Lewis,001-922-044-6457x5391,PG+4HpOi,ConnorLewis
652b9e279c8deef2485bf909,2003-12-16,Walter.Kennedy@gmail.com,Walter,Kennedy,851.798.6346,!*rvK3Lz,WalterKennedy
652b9e279c8deef2485bf90a,1999-08-06,Bryan.Barber@gmail.com,Bryan,Barber,+1-316-876-6629x5443,(p8ImjVe,BryanBarber
652b9e279c8deef2485bf90b,1996-11-08,Todd.Walton@gmail.com,Todd,Walton,139.887.2210,*2On*3dx,ToddWalton
652b9e279c8deef2485bf90c,2001-04-14,Lori.Bruce@gmail.com,Lori,Bruce,844-786-4769x95480,)3Y__or9,LoriBruce
652b9e279c8deef2485bf90d,2000-08-27,Patty.Goodman@gmail.com,Patty,Goodman,+1-725-672-4291,Q#pC0Dru,PattyGoodman